19da9b00	pip	Hi!
f28afd4f	pip	I am Pip!
42b62ff0	pip	Let's play!
d7f26354	pip	You are doing great!
59ffc3a2	pip	What do you want to play?
35ffa62c	pip	Hi! I am Pip. What do you want to play?
992d962e	pip	What next?
2b061799	pip	Pick a letter to write!
20e66393	pip	Start at the green dot!
f29fb598	pip	Start at the green dot. Follow the arrow!
8f784ece	pip	Again! This time with less help.
f1ccdcff	pip	Great job!
c932f250	pip	Wow!
ce8ff22c	pip	Super!
691d3385	pip	Well done!
7e2cfee4	pip	Beautiful!
7a3a65e8	pip	Yes!
09f6678a	pip	Great spelling!
7973d654	pip	You did it!
75c6cd06	pip	Pick a box of words!
171d9a5d	pip	What do you want to talk about?
c27652b8	pip	Oops! I can't hear you. Tap a picture!
dd525ff5	pip	I didn't hear you. Try again, or tap a picture!
9400bf6a	pip	Hmm.
d68dcdc4	pip	Which one?
b33029f9	pip	Can you say this?
9d19f846	pip	You got a sticker!
15b0277b	pip	Play games to get stickers!
13668b94	pip	This is your island! Tap a sticker. Move it around!
f1c702bf	pip	Time for a break! Rest your eyes. See you later!
5f388980	pip	Hello! I am Pip. A, B, C!
577c5b6d	pip	Hello! I am Pip.
204ddaac	pip	ay
5c8efaa6	pip	ay.
6c8e2fc5	pip	That is ay.
f3d2f672	pip	We need ay.
a3018442	pip	Let's write ay.
4ef4e55b	pip	Now write ay all by yourself!
1dc46f77	pip	You did it! You can write ay!
a7952fe7	pip	ay is for apple.
9c951e96	pip	ay is for apple!
c890026c	pip	apple.
0aa6cca4	pip	What does apple start with?
13228254	pip	What letter does apple start with?
37b847b1	pip	Listen. apple.
e1cc2f31	pip	apple starts with ay.
f0b2861c	pip	ay is for ant.
f7b29121	pip	ay is for ant!
a0e3a28b	pip	ant.
88fe8b0d	pip	What does ant start with?
dd5ca35d	pip	What letter does ant start with?
599da1f2	pip	Listen. ant.
9a3a072c	pip	ant starts with ay.
1425d41a	pip	ay is for alligator.
0725bfa3	pip	ay is for alligator!
0434069d	pip	alligator.
d1f81743	pip	What does alligator start with?
e5d79c73	pip	What letter does alligator start with?
9b002ef8	pip	Listen. alligator.
a9da2d02	pip	alligator starts with ay.
71b01482	pip	bee
a4308ac4	pip	bee.
da53e305	pip	That is bee.
ceebd888	pip	We need bee.
5a1b00d8	pip	Let's write bee.
e787379b	pip	Now write bee all by yourself!
f13c1f19	pip	You did it! You can write bee!
2ecdd5a5	pip	bee is for bee.
2fcdd738	pip	bee is for bee!
874f6ed0	pip	What does bee start with?
b113fb40	pip	What letter does bee start with?
487e5705	pip	Listen. bee.
0ec9c8a1	pip	bee starts with bee.
612dc3b3	pip	bee is for bus.
6e2dd82a	pip	bee is for bus!
13f1c25a	pip	bus.
674a57e6	pip	What does bus start with?
641d6296	pip	What letter does bus start with?
7ade4513	pip	Listen. bus.
0f2857fb	pip	bus starts with bee.
ed22d451	pip	bee is for bear.
e622c94c	pip	bee is for bear!
2e8a6486	pip	bear.
b24c3c04	pip	What does bear start with?
0713cb74	pip	What letter does bear start with?
fcc1aeb1	pip	Listen. bear.
d0677c37	pip	bear starts with bee.
4e100618	pip	bee is for banana.
4d100485	pip	bee is for banana!
d588340f	pip	banana.
8cadd903	pip	What does banana start with?
cc6fcc93	pip	What letter does banana start with?
65341c78	pip	Listen. banana.
07552aa6	pip	banana starts with bee.
8bc02e79	pip	see
5688f2f5	pip	see.
007ce4b4	pip	That is see.
e198fce9	pip	We need see.
51735559	pip	Let's write see.
20d96a36	pip	Now write see all by yourself!
ad949708	pip	You did it! You can write see!
049847c6	pip	see is for cat.
0f985917	pip	see is for cat!
37b55264	pip	cat.
3a00c650	pip	What does cat start with?
2f9651e0	pip	What letter does cat start with?
3b90a8ad	pip	Listen. cat.
500dfba0	pip	cat starts with see.
84930118	pip	see is for car.
8392ff85	pip	see is for car!
57a67a3a	pip	car.
3b3d0386	pip	What does car start with?
3b268c96	pip	What letter does car start with?
3b9525db	pip	Listen. car.
fbab3162	pip	car starts with see.
ed31a7e6	pip	see is for cake.
f831b937	pip	see is for cake!
754702ec	pip	cake.
79589b12	pip	What does cake start with?
b6a155e2	pip	What letter does cake start with?
3babddef	pip	Listen. cake.
ccd71a88	pip	cake starts with see.
1b33499b	pip	see is for cow.
183344e2	pip	see is for cow!
9565d779	pip	cow.
184930cf	pip	What does cow start with?
4ee8a11f	pip	What letter does cow start with?
c70ebf14	pip	Listen. cow.
94bbb5f5	pip	cow starts with see.
72a642ec	pip	dee
3dbb1766	pip	dee.
26de306f	pip	That is dee.
7db19fe2	pip	We need dee.
b7c30f32	pip	Let's write dee.
8aaeb98d	pip	Now write dee all by yourself!
9ec6cb37	pip	You did it! You can write dee!
f3b0d5c1	pip	dee is for dog.
ecb0cabc	pip	dee is for dog!
7b75ed26	pip	dog.
04f9736e	pip	What does dog start with?
a0d45a9e	pip	What letter does dog start with?
b4dcf72b	pip	Listen. dog.
2eed6f2d	pip	dog starts with dee.
c7802c7e	pip	dee is for duck.
c280249f	pip	dee is for duck!
8863646b	pip	duck.
6fa97457	pip	What does duck start with?
011b92c7	pip	What letter does duck start with?
ffe95324	pip	Listen. duck.
a279e2d8	pip	duck starts with dee.
f6f0c879	pip	dee is for door.
fff0d6a4	pip	dee is for door!
ca1f92c4	pip	door.
4ea82046	pip	What does door start with?
ff34ebf6	pip	What letter does door start with?
d6fea54b	pip	Listen. door.
12b97eb3	pip	door starts with dee.
2444e69c	pip	ee
ca772a36	pip	ee.
3ab18d9d	pip	That is ee.
c86594a2	pip	We need ee.
35690692	pip	Let's write ee.
0fe07f03	pip	Now write ee all by yourself!
8bac9f07	pip	You did it! You can write ee!
c82b07b4	pip	ee is for egg.
bf2af989	pip	ee is for egg!
ace62e43	pip	egg.
720bda69	pip	What does egg start with?
9ba10659	pip	What letter does egg start with?
aa2065ce	pip	Listen. egg.
684a7034	pip	egg starts with ee.
c77f24a2	pip	ee is for elephant.
ca7f295b	pip	ee is for elephant!
41acdedb	pip	elephant.
ead712cf	pip	What does elephant start with?
d1c9e79f	pip	What letter does elephant start with?
d00513a4	pip	Listen. elephant.
94fe06fc	pip	elephant starts with ee.
047e4149	pip	eff
79c0f525	pip	eff.
af1b8fac	pip	That is eff.
6c122501	pip	We need eff.
f9bbb651	pip	Let's write eff.
e973b47e	pip	Now write eff all by yourself!
d0cc9938	pip	You did it! You can write eff!
aeedfc34	pip	eff is for fish.
a5edee09	pip	eff is for fish!
d57a6c92	pip	fish.
603c0284	pip	What does fish start with?
4916ebb4	pip	What letter does fish start with?
5292f5b1	pip	Listen. fish.
7e57d866	pip	fish starts with eff.
4dccca28	pip	eff is for frog.
4cccc895	pip	eff is for frog!
e871eac6	pip	frog.
f065fb98	pip	What does frog start with?
96d77c08	pip	What letter does frog start with?
771dca7d	pip	Listen. frog.
b82fc432	pip	frog starts with eff.
49de1801	pip	eff is for fox.
42de0cfc	pip	eff is for fox!
7ec207bb	pip	fox.
7692a849	pip	What does fox start with?
6e8ad419	pip	What letter does fox start with?
96379b16	pip	Listen. fox.
f938e527	pip	fox starts with eff.
fb19146a	pip	jee
8c7ae70c	pip	jee.
629f3b2d	pip	That is jee.
5083b350	pip	We need jee.
881ab9a0	pip	Let's write jee.
6d243b13	pip	Now write jee all by yourself!
e9869491	pip	You did it! You can write jee!
cbaaebfa	pip	jee is for goat.
beaad783	pip	jee is for goat!
bcedec95	pip	goat.
fc56174d	pip	What does goat start with?
fe942efd	pip	What letter does goat start with?
687f62c2	pip	Listen. goat.
d0a4ac68	pip	goat starts with jee.
96183dc5	pip	jee is for gift.
97183f58	pip	jee is for gift!
06566df6	pip	gift.
b7c7ce98	pip	What does gift start with?
2a0c54c8	pip	What letter does gift start with?
9a7d48ad	pip	Listen. gift.
6251c29f	pip	gift starts with jee.
053d003b	pip	jee is for grapes.
023cfb82	pip	jee is for grapes!
d4ae68fc	pip	grapes.
0cafbd96	pip	What does grapes start with?
fe734506	pip	What letter does grapes start with?
07bf6e93	pip	Listen. grapes.
18dd62c1	pip	grapes starts with jee.
da3f05cb	pip	aitch
7636477f	pip	aitch.
df4b1656	pip	That is aitch.
1980003b	pip	We need aitch.
6439d12b	pip	Let's write aitch.
b2a973f0	pip	Now write aitch all by yourself!
966cf5de	pip	You did it! You can write aitch!
c12ff74f	pip	aitch is for hat.
c62fff2e	pip	aitch is for hat!
7d8a276b	pip	hat.
13c58cc5	pip	What does hat start with?
b87b7915	pip	What letter does hat start with?
62e968f2	pip	Listen. hat.
57b0e135	pip	hat starts with aitch.
0c5ce429	pip	aitch is for hen.
155cf254	pip	aitch is for hen!
afc585fd	pip	hen.
3d162ba7	pip	What does hen start with?
2d614bd7	pip	What letter does hen start with?
b090becc	pip	Listen. hen.
6493b6cb	pip	hen starts with aitch.
5a793114	pip	aitch is for house.
517922e9	pip	aitch is for house!
89478880	pip	house.
21c43078	pip	What does house start with?
f4137fa8	pip	What letter does house start with?
b68f2c95	pip	Listen. house.
a8689d7e	pip	house starts with aitch.
0626f033	pip	aitch is for horse.
132704aa	pip	aitch is for horse!
f0346d57	pip	horse.
828d4c45	pip	What does horse start with?
afef6875	pip	What letter does horse start with?
ab0e8e3a	pip	Listen. horse.
b7201699	pip	horse starts with aitch.
115984e7	pip	eye
18ec086b	pip	eye.
f4ebb92a	pip	That is eye.
c1f3e0cf	pip	We need eye.
2fae6a3f	pip	Let's write eye.
1f226bf4	pip	Now write eye all by yourself!
6bf7a632	pip	You did it! You can write eye!
3452bde0	pip	eye is for insect.
4352d57d	pip	eye is for insect!
f30ea300	pip	insect.
584123b6	pip	What does insect start with?
f94ac8c6	pip	What letter does insect start with?
d4fac61b	pip	Listen. insect.
9df84d62	pip	insect starts with eye.
0723b4aa	pip	jay
c1352bcc	pip	jay.
14cac5b5	pip	That is jay.
7bf11520	pip	We need jay.
f5b33750	pip	Let's write jay.
8c2a058b	pip	Now write jay all by yourself!
1e40d951	pip	You did it! You can write jay!
78af74c9	pip	jay is for juice.
81af82f4	pip	jay is for juice!
71752bb0	pip	juice.
4397d4a4	pip	What does juice start with?
09ba4634	pip	What letter does juice start with?
7cb0e831	pip	Listen. juice.
463730ed	pip	juice starts with jay.
ad2a8ef8	pip	jay is for jeans.
ac2a8d65	pip	jay is for jeans!
71a03595	pip	jeans.
4e91db33	pip	What does jeans start with?
fc1fbd43	pip	What letter does jeans start with?
45cc9620	pip	Listen. jeans.
fbbb59a8	pip	jeans starts with jay.
6c049399	pip	kay
c2348915	pip	kay.
93cc31ec	pip	That is kay.
8b5afc39	pip	We need kay.
d6d971a9	pip	Let's write kay.
51b9681e	pip	Now write kay all by yourself!
19402d28	pip	You did it! You can write kay!
09ccb83f	pip	kay is for kite.
0eccc01e	pip	kay is for kite!
4dc1bb51	pip	kite.
6fdf5a81	pip	What does kite start with?
9a0ae8b1	pip	What letter does kite start with?
b2812f96	pip	Listen. kite.
aef92dad	pip	kite starts with kay.
17c41c7b	pip	kay is for key.
14c417c2	pip	kay is for key!
90264a21	pip	key.
88cca593	pip	What does key start with?
536cdde3	pip	What letter does key start with?
6d465768	pip	Listen. key.
36b0aafd	pip	key starts with kay.
f8a49b0c	pip	kay is for koala.
ffa4a611	pip	kay is for koala!
f856162e	pip	koala.
b0968926	pip	What does koala start with?
3d4a6b56	pip	What letter does koala start with?
e240545b	pip	Listen. koala.
95d08d3e	pip	koala starts with kay.
ee8d2931	pip	ell
a737bbcd	pip	ell.
a1adf5c0	pip	That is ell.
0c5b8299	pip	We need ell.
578a4629	pip	Let's write ell.
65371912	pip	Now write ell all by yourself!
ee4346b0	pip	You did it! You can write ell!
14344cd4	pip	ell is for lion.
0b343ea9	pip	ell is for lion!
15401012	pip	lion.
00164c20	pip	What does lion start with?
4b2b65f0	pip	What letter does lion start with?
17df1575	pip	Listen. lion.
b69f2712	pip	lion starts with ell.
48796eda	pip	ell is for leaf.
3b795a63	pip	ell is for leaf!
e46896cc	pip	leaf.
56acc232	pip	What does leaf start with?
66edae02	pip	What letter does leaf start with?
766cbcbf	pip	Listen. leaf.
2dad03bc	pip	leaf starts with ell.
0775c527	pip	ell is for lemon.
fc75b3d6	pip	ell is for lemon!
f16bd271	pip	lemon.
3e4ad813	pip	What does lemon start with?
80b96c03	pip	What letter does lemon start with?
6be59088	pip	Listen. lemon.
8668e645	pip	lemon starts with ell.
2c44f334	pip	em
ca8ab1ee	pip	em.
3a9e05e5	pip	That is em.
a851da8a	pip	We need em.
d554e7ba	pip	Let's write em.
d488ca1b	pip	Now write em all by yourself!
7bc00d8f	pip	You did it! You can write em!
9665d75e	pip	em is for moon.
9165cf7f	pip	em is for moon!
453826ef	pip	moon.
041baf43	pip	What does moon start with?
51e794d3	pip	What letter does moon start with?
2f776058	pip	Listen. moon.
6f5bd020	pip	moon starts with em.
eb887916	pip	em is for monkey.
f6888a67	pip	em is for monkey!
3efa8b57	pip	monkey.
388379b3	pip	What does monkey start with?
e473afe3	pip	What letter does monkey start with?
4ee6f7b8	pip	Listen. monkey.
328b94e8	pip	monkey starts with em.
fd694358	pip	em is for milk.
fc6941c5	pip	em is for milk!
348ca839	pip	milk.
0692d885	pip	What does milk start with?
20e18315	pip	What letter does milk start with?
466fed22	pip	Listen. milk.
64c8b02e	pip	milk starts with em.
2f44f7ed	pip	en
2c9207f9	pip	en.
d896afda	pip	That is en.
4a599555	pip	We need en.
375c3dc5	pip	Let's write en.
2288b004	pip	Now write en all by yourself!
ebc779a4	pip	You did it! You can write en!
e1e0a38b	pip	en is for nose.
dee09ed2	pip	en is for nose!
f74c4669	pip	nose.
d4329de5	pip	What does nose start with?
12d31255	pip	What letter does nose start with?
aca893aa	pip	Listen. nose.
25d1cd69	pip	nose starts with en.
3e04dbbb	pip	en is for nut.
3b04d702	pip	en is for nut!
e7894bfd	pip	nut.
868b95d7	pip	What does nut start with?
2e758987	pip	What letter does nut start with?
8a3585d4	pip	Listen. nut.
de6474e5	pip	nut starts with en.
eb82290b	pip	en is for net.
e8822452	pip	en is for net!
3a0bfead	pip	net.
705c5907	pip	What does net start with?
44a4c657	pip	What letter does net start with?
3a2d3c24	pip	Listen. net.
43b668d5	pip	net starts with en.
2d2b5ce1	pip	oh
ea4319dd	pip	oh.
15ee4c02	pip	That is oh.
e81dfc91	pip	We need oh.
179b72c1	pip	Let's write oh.
c4d3661c	pip	Now write oh all by yourself!
917865c0	pip	You did it! You can write oh!
645075dd	pip	oh is for octopus.
55505e40	pip	oh is for octopus!
d5f2519f	pip	octopus.
77a09699	pip	What does octopus start with?
a6ff6c89	pip	What letter does octopus start with?
050239d6	pip	Listen. octopus.
da44104b	pip	octopus starts with oh.
af5d1c13	pip	oh is for ox.
bc5d308a	pip	oh is for ox!
8a1b734d	pip	ox.
e233051d	pip	What does ox start with?
b38c228d	pip	What letter does ox start with?
209a2e92	pip	Listen. ox.
622b0631	pip	ox starts with oh.
04bf41f8	pip	pee
4f14a3e2	pip	pee.
2a92c90b	pip	That is pee.
6c581366	pip	We need pee.
e3c268d6	pip	Let's write pee.
021eb6b9	pip	Now write pee all by yourself!
a8204b1b	pip	You did it! You can write pee!
45fbd26b	pip	pee is for pig.
42fbcdb2	pip	pee is for pig!
93bec8ac	pip	pig.
2d886c60	pip	What does pig start with?
c7e7a230	pip	What letter does pig start with?
8650740d	pip	Listen. pig.
bd5090df	pip	pig starts with pee.
49b6e129	pip	pee is for pizza.
52b6ef54	pip	pee is for pizza!
6138de82	pip	pizza.
a964c572	pip	What does pizza start with?
d97eddc2	pip	What letter does pizza start with?
6dd5a71f	pip	Listen. pizza.
3658fb1d	pip	pizza starts with pee.
c95970e7	pip	pee is for panda.
be595f96	pip	pee is for panda!
70eaf8e0	pip	panda.
c199d06c	pip	What does panda start with?
d71f543c	pip	What letter does panda start with?
74f74649	pip	Listen. panda.
06f6fd13	pip	panda starts with pee.
be69be39	pip	cue
d7763e35	pip	cue.
e66f3094	pip	That is cue.
e259fc09	pip	We need cue.
3765a139	pip	Let's write cue.
11960956	pip	Now write cue all by yourself!
2e81e248	pip	You did it! You can write cue!
c60589f4	pip	cue is for queen.
bd057bc9	pip	cue is for queen!
c50b9c72	pip	queen.
955d73e2	pip	What does queen start with?
d2b3f752	pip	What letter does queen start with?
bd046c4f	pip	Listen. queen.
8c45c83a	pip	queen starts with cue.
c3a9e048	pip	are
6a6c4092	pip	are.
0f6841fb	pip	That is are.
f0a514de	pip	We need are.
85b11ece	pip	Let's write are.
a448fc89	pip	Now write are all by yourself!
c377e7cb	pip	You did it! You can write are!
874adce9	pip	are is for rabbit.
904aeb14	pip	are is for rabbit!
7075eaf4	pip	rabbit.
26493a12	pip	What does rabbit start with?
8d10b622	pip	What letter does rabbit start with?
812bfdcf	pip	Listen. rabbit.
c160bacf	pip	rabbit starts with are.
5ec8017b	pip	are is for robot.
5bc7fcc2	pip	are is for robot!
99f916e4	pip	robot.
c107011c	pip	What does robot start with?
0840144c	pip	What letter does robot start with?
12764991	pip	Listen. robot.
4b8a0eff	pip	robot starts with are.
8d3c672d	pip	are is for rainbow.
7e3c4f90	pip	are is for rainbow!
9375214a	pip	rainbow.
ab123642	pip	What does rainbow start with?
cf9c57f2	pip	What letter does rainbow start with?
8b7adf17	pip	Listen. rainbow.
92eac941	pip	rainbow starts with are.
f74a516f	pip	ess
8afde953	pip	ess.
82cf4ae6	pip	That is ess.
6197603f	pip	We need ess.
121ad64f	pip	Let's write ess.
0be2fcc0	pip	Now write ess all by yourself!
ee09a04a	pip	You did it! You can write ess!
e16f6eba	pip	ess is for sun.
d46f5a43	pip	ess is for sun!
8261f172	pip	sun.
dd5c1a86	pip	What does sun start with?
f5820036	pip	What letter does sun start with?
838aa4cb	pip	Listen. sun.
d9951eb0	pip	sun starts with ess.
edf3dd18	pip	ess is for sock.
ecf3db85	pip	ess is for sock!
376e8cf0	pip	sock.
39b897f6	pip	What does sock start with?
9a9a52a6	pip	What letter does sock start with?
2c1184fb	pip	Listen. sock.
21b84d3e	pip	sock starts with ess.
450ff2f8	pip	ess is for star.
440ff165	pip	ess is for star!
d719fcd0	pip	star.
b9f96e9a	pip	What does star start with?
70c77c0a	pip	What letter does star start with?
89c790c7	pip	Listen. star.
bb5e051e	pip	star starts with ess.
624eac1c	pip	tee
f3d912b6	pip	tee.
35a9e1bf	pip	That is tee.
f3fc4c12	pip	We need tee.
a5b20e82	pip	Let's write tee.
1a09771d	pip	Now write tee all by yourself!
54e4c687	pip	You did it! You can write tee!
f8171156	pip	tee is for tent.
031722a7	pip	tee is for tent!
a59ba22f	pip	tent.
3f168223	pip	What does tent start with?
7dde5333	pip	What letter does tent start with?
fcbf1b08	pip	Listen. tent.
a6fb4f74	pip	tent starts with tee.
16d6a08e	pip	tee is for tiger.
11d698af	pip	tee is for tiger!
1a22e54d	pip	tiger.
4056defb	pip	What does tiger start with?
6213c62b	pip	What letter does tiger start with?
c541af50	pip	Listen. tiger.
578734b2	pip	tiger starts with tee.
b87e03c5	pip	tee is for tree.
b97e0558	pip	tee is for tree!
d306e014	pip	tree.
b742723a	pip	What does tree start with?
dfbed0ca	pip	What letter does tree start with?
b3608b87	pip	Listen. tree.
2d164473	pip	tree starts with tee.
1e701281	pip	you
996d697d	pip	you.
26195eb8	pip	That is you.
76b07441	pip	We need you.
2dcb7c91	pip	Let's write you.
25d1135a	pip	Now write you all by yourself!
e078f460	pip	You did it! You can write you!
e538a2ae	pip	you is for umbrella.
e0389acf	pip	you is for umbrella!
2f2055bc	pip	umbrella.
b94baeb6	pip	What does umbrella start with?
d3fe7ac6	pip	What letter does umbrella start with?
6a9c850b	pip	Listen. umbrella.
3aefbe1c	pip	umbrella starts with you.
4e1b7489	pip	you is for up.
571b82b4	pip	you is for up!
79c51c77	pip	up.
f0e797d7	pip	What does up start with?
bb2fd827	pip	What letter does up start with?
d09324dc	pip	Listen. up.
96de057f	pip	up starts with you.
8d33a676	pip	vee
a04edc88	pip	vee.
b4203bd9	pip	That is vee.
d2cd86c4	pip	We need vee.
9dcffe34	pip	Let's write vee.
fbd5a68f	pip	Now write vee all by yourself!
f55a7d75	pip	You did it! You can write vee!
ed083f96	pip	vee is for van.
f80850e7	pip	vee is for van!
6d744743	pip	van.
a8d08be5	pip	What does van start with?
6cc4adb5	pip	What letter does van start with?
6dbe272a	pip	Listen. van.
f953964e	pip	van starts with vee.
7d888ea4	pip	vee is for violin.
74888079	pip	vee is for violin!
2f73c10b	pip	violin.
1115f0bb	pip	What does violin start with?
448b846b	pip	What letter does violin start with?
01bad2a0	pip	Listen. violin.
a60d4676	pip	violin starts with vee.
03465cef	pip	vee is for volcano.
084664ce	pip	vee is for volcano!
3ef4658a	pip	volcano.
108a54ce	pip	What does volcano start with?
eaae1c9e	pip	What letter does volcano start with?
0e11d5fb	pip	Listen. volcano.
56d8f76f	pip	volcano starts with vee.
ba3d5188	pip	double you
d4878852	pip	double you.
7933cc45	pip	That is double you.
932c6636	pip	We need double you.
2f67eb46	pip	Let's write double you.
23e4bf5b	pip	Now write double you all by yourself!
57d5e08b	pip	You did it! You can write double you!
a055009a	pip	double you is for watch.
9354ec23	pip	double you is for watch!
e382c179	pip	watch.
e4d2b4fb	pip	What does watch start with?
4b68422b	pip	What letter does watch start with?
d24fac18	pip	Listen. watch.
4a09a752	pip	watch starts with double you.
61365e00	pip	double you is for whale.
7036759d	pip	double you is for whale!
8d9638ef	pip	whale.
c026b705	pip	What does whale start with?
9469fc95	pip	What letter does whale start with?
571820e2	pip	Listen. whale.
82c6f238	pip	whale starts with double you.
88c29a05	pip	double you is for web.
89c29b98	pip	double you is for web!
df77e972	pip	web.
e543c47e	pip	What does web start with?
cb66f90e	pip	What letter does web start with?
4317acb3	pip	Listen. web.
0605dbf7	pip	web starts with double you.
1944d54b	pip	ex
2c5bedff	pip	ex.
587de174	pip	That is ex.
aa85b913	pip	We need ex.
5739dde3	pip	Let's write ex.
87a18196	pip	Now write ex all by yourself!
e791595e	pip	You did it! You can write ex!
7671c1f9	pip	ex is in fox.
7f71d024	pip	ex is in fox!
a0d44d95	pip	fox starts with ex.
98806725	pip	ex is in box.
998068b8	pip	ex is in box!
6855647f	pip	box.
3e24a2fd	pip	What does box start with?
0566b5cd	pip	What letter does box start with?
7401e67a	pip	Listen. box.
511ede59	pip	box starts with ex.
e9fa3550	pip	why
d2e2355a	pip	why.
ecda148f	pip	That is why.
5c2a78b6	pip	We need why.
13458106	pip	Let's write why.
52a18ded	pip	Now write why all by yourself!
1bedc363	pip	You did it! You can write why!
01bd28d2	pip	why is for yo-yo.
04bd2d8b	pip	why is for yo-yo!
429d8c69	pip	yo-yo.
f1ac857b	pip	What does yo-yo start with?
00a0996b	pip	What letter does yo-yo start with?
a05fbee0	pip	Listen. yo-yo.
e814f9ea	pip	yo-yo starts with why.
79f6260f	pip	why is for yarn.
7ef62dee	pip	why is for yarn!
df4b7466	pip	yarn.
d514a66c	pip	What does yarn start with?
f48ebdfc	pip	What letter does yarn start with?
201d6219	pip	Listen. yarn.
4c511ad1	pip	yarn starts with why.
e8e6785a	pip	zee
16cf9e9c	pip	zee.
f20986bd	pip	That is zee.
46cd9600	pip	We need zee.
f8835870	pip	Let's write zee.
74155563	pip	Now write zee all by yourself!
73db4c21	pip	You did it! You can write zee!
77d2d5fd	pip	zee is for zebra.
68d2be60	pip	zee is for zebra!
273ba7f0	pip	zebra.
28b62888	pip	What does zebra start with?
8c806338	pip	What letter does zebra start with?
77411625	pip	Listen. zebra.
8551e625	pip	zebra starts with zee.
328e05ab	pip	Let's spell cat.
2f8e00f2	pip	Let's spell cat!
2eb54439	pip	cat!
a4f60085	pip	Let's spell dog.
a5f60218	pip	Let's spell dog!
8675fe77	pip	dog!
88dac393	pip	Let's spell pig.
95dad80a	pip	Let's spell pig!
9abed3b1	pip	pig!
ca8f63fd	pip	Let's spell sun.
bb8f4c60	pip	Let's spell sun!
8561f62b	pip	sun!
fb10ef15	pip	Let's spell bus.
fc10f0a8	pip	Let's spell bus!
06f1ade3	pip	bus!
ef3399a4	pip	Let's spell hat.
e6338b79	pip	Let's spell hat!
7a8a22b2	pip	hat!
0b6e6906	pip	Let's spell bed.
166e7a57	pip	Let's spell bed!
c632fee1	pip	bed.
bf32f3dc	pip	bed!
bacd83f2	pip	Let's spell hen.
bdcd88ab	pip	Let's spell hen!
a0c56e60	pip	hen!
41d1f140	pip	Let's spell fox.
50d208dd	pip	Let's spell fox!
7bc20302	pip	fox!
eb8d8bb4	pip	Let's spell box.
e28d7d89	pip	Let's spell box!
6d556c5e	pip	box!
198f6a13	pip	Let's spell cup.
268f7e8a	pip	Let's spell cup!
b5a566e4	pip	cup.
aca558b9	pip	cup!
3ddfe192	pip	Let's spell bat.
40dfe64b	pip	Let's spell bat!
facf2e8d	pip	bat.
ebcf16f0	pip	bat!
f3943ced	pip	Let's spell map.
e4942550	pip	Let's spell map!
7f35d3f2	pip	map.
8235d8ab	pip	map!
8720ede2	pip	Let's spell net.
8a20f29b	pip	Let's spell net!
2b0be710	pip	net!
590ecc1a	pip	Let's spell pen.
4c0eb7a3	pip	Let's spell pen!
d108a495	pip	pen.
d208a628	pip	pen!
932511cd	pip	Let's spell web.
8424fa30	pip	Let's spell web!
e277ee2b	pip	web!
fb428be1	pip	Let's spell bug.
f44280dc	pip	Let's spell bug!
f3d37ae6	pip	bug.
fed38c37	pip	bug!
e474cd2e	pip	Let's spell ten.
df74c54f	pip	Let's spell ten!
55f3f079	pip	ten.
5ef3fea4	pip	ten!
c7e4e742	pip	Let's spell rat.
cae4ebfb	pip	Let's spell rat!
c25a2ffd	pip	rat.
b35a1860	pip	rat!
4ca58e04	pip	Let's spell van.
43a57fd9	pip	Let's spell van!
7a745bba	pip	van!
1347ee16	pip	Let's spell red.
1e47ff67	pip	Let's spell red!
8fe8b771	pip	red.
88e8ac6c	pip	red!
4eaeacfb	pip	Let's spell leg.
4baea842	pip	Let's spell leg!
8bbf7fbc	pip	leg.
92bf8ac1	pip	leg!
19a40552	pip	Let's spell nut.
1ca40a0b	pip	Let's spell nut!
d8893460	pip	nut!
3177f9ff	pip	Let's spell six.
367801de	pip	Let's spell six!
70133d88	pip	six.
6f133bf5	pip	six!
3257ebb1	pip	Let's spell can.
2b57e0ac	pip	Let's spell can!
b79c83fe	pip	can.
b29c7c1f	pip	can!
18fe1cd6	pip	Let's spell pot.
23fe2e27	pip	Let's spell pot!
7179119d	pip	pot.
6278fa00	pip	pot!
13ff860a	pip	Let's spell tub.
06ff7193	pip	Let's spell tub!
c304a515	pip	tub.
c404a6a8	pip	tub!
915f8a64	pip	Let's spell lip.
885f7c39	pip	Let's spell lip!
28fae83b	pip	lip.
25fae382	pip	lip!
52730669	pip	Where is the cat?
ae88f819	pip	Cat!
cd3ac714	pip	That is a cat.
bb8fe6c7	pip	Where is the dog?
0649b257	pip	Dog!
114b13b6	pip	That is a dog.
3a08a5b9	pip	Where is the pig?
9a91be11	pip	Pig!
9073865c	pip	That is a pig.
c70e9c38	pip	Where is the cow?
1bbf3084	pip	Cow!
2870e329	pip	That is a cow.
b134b26a	pip	Where is the duck?
dfa7ee12	pip	Duck!
3b3a2b7b	pip	That is a duck.
6d350574	pip	Where is the hen?
a09858c0	pip	Hen!
44fb48cd	pip	That is a hen.
c860a807	pip	Where is the fish?
b2be362b	pip	Fish!
41b93ca2	pip	That is a fish.
5df6f4a4	pip	Where is the bird?
32835ee0	pip	Bird!
50aab6ed	pip	That is a bird.
43c5599f	pip	Where is the lion?
0bd08eab	pip	Lion!
e1367682	pip	That is a lion.
c8ff273b	pip	Where is the frog?
e70275f7	pip	Frog!
b5333796	pip	That is a frog.
67a651c6	pip	Where is the horse?
386ccd66	pip	Horse!
4ab4f5a7	pip	That is a horse.
27ca9cb8	pip	Where is the sheep?
914db60c	pip	Sheep!
516fc0c1	pip	That is a sheep.
cdb43175	pip	Where is the apple?
097bc9d1	pip	Apple!
2fc61d06	pip	That is an apple.
2930d5e2	pip	Where is the banana?
02979d4e	pip	Banana!
a396f57f	pip	That is a banana.
673ca695	pip	Where is the grapes?
c4524d61	pip	Grapes!
1a55dfaf	pip	Those are grapes.
9f4b2217	pip	Where is the orange?
8764f50b	pip	Orange!
503685f0	pip	That is an orange.
b428f71c	pip	Where is the lemon?
245783cc	pip	Lemon!
35117b81	pip	That is a lemon.
78cc40a2	pip	Where is the strawberry?
f9c603fa	pip	Strawberry!
ba0edaf3	pip	That is a strawberry.
c3db3692	pip	Where is the cherries?
41ce2a1a	pip	Cherries!
9da72c94	pip	Those are cherries.
fbf019fd	pip	Where is the pear?
4e8e52f9	pip	Pear!
3d81eb34	pip	That is a pear.
7a4de11a	pip	Where is the peach?
1c99a642	pip	Peach!
8b7105cb	pip	That is a peach.
100e8ab7	pip	Where is the watermelon?
3ecbf133	pip	Watermelon!
ece2899a	pip	That is a watermelon.
fbf1b5ff	pip	Which one is red?
88bb96cc	pip	Red!
edd0cff8	pip	That is red.
8ebb28b0	pip	Which one is blue?
7d82f515	pip	Blue!
f0756faf	pip	That is blue.
ee8ac26f	pip	Which one is green?
8465f6a8	pip	Green!
57f906d8	pip	That is green.
fad3c2e0	pip	Which one is yellow?
010c9195	pip	Yellow!
f7d2343f	pip	That is yellow.
c869d70a	pip	Which one is orange?
3cb3b341	pip	That is orange.
12e44172	pip	Which one is purple?
e0eebfd7	pip	Purple!
8efbc051	pip	That is purple.
5d9398fc	pip	Which one is pink?
7c94bab1	pip	Pink!
f2a4a37b	pip	That is pink.
f615a0f6	pip	Which one is brown?
48092cb1	pip	Brown!
5311d50d	pip	That is brown.
72006887	pip	Which one is black?
9d68b748	pip	Black!
d6374b48	pip	That is black.
cd11c3c1	pip	Which one is white?
5d39ffae	pip	White!
69666282	pip	That is white.
5308853a	pip	Find the number one!
6fd5f185	pip	One!
62398be9	pip	That is one.
f29ebf08	pip	Find the number two!
f0b6ab67	pip	Two!
fea370db	pip	That is two.
3dc18fb6	pip	Find the number three!
3370fdfd	pip	Three!
988aedb9	pip	That is three.
302e5e5c	pip	Find the number four!
897364f5	pip	Four!
47225dbf	pip	That is four.
8451c64c	pip	Find the number five!
7fbe198d	pip	Five!
c7385b13	pip	That is five.
887cc96e	pip	Find the number six!
ec6c86d5	pip	Six!
7e1fd199	pip	That is six.
0721333d	pip	Find the number seven!
d9fccf36	pip	Seven!
63859ffa	pip	That is seven.
53f2cf13	pip	Find the number eight!
ee0a7180	pip	Eight!
108a7d2c	pip	That is eight.
d15459ec	pip	Find the number nine!
fa024fbd	pip	Nine!
d4451f83	pip	That is nine.
f3a5723f	pip	Find the number ten!
dc4d4984	pip	Ten!
33989578	pip	That is ten.
a61302e6	pip	Where is the eye?
af0c6c92	pip	Eye!
a8fd967d	pip	That is an eye.
8cc0799d	pip	Where is the ear?
1573f545	pip	Ear!
8fe948e6	pip	That is an ear.
00f53c6c	pip	Where is the nose?
581679f4	pip	Nose!
858f2cb9	pip	That is a nose.
1f697b8c	pip	Where is the mouth?
5825e7e0	pip	Mouth!
422f056d	pip	That is a mouth.
0ec594b2	pip	Where is the hand?
f8de20f6	pip	Hand!
71727257	pip	That is a hand.
8263b009	pip	Where is the foot?
86f6ed5d	pip	Foot!
537f7570	pip	That is a foot.
e1909ba1	pip	Where is the leg?
12933ea1	pip	Leg!
1965458c	pip	That is a leg.
39493cab	pip	Where is the tooth?
c9d78d3b	pip	Tooth!
8986b7f2	pip	That is a tooth.
526e893b	pip	Where is the car?
ca7a19a3	pip	Car!
2d2c53aa	pip	That is a car.
4300bc3b	pip	Where is the bus?
044a2f43	pip	Bus!
0471d1aa	pip	That is a bus.
3ea9a96f	pip	Where is the train?
fca704cf	pip	Train!
06e9455e	pip	That is a train.
505c93eb	pip	Where is the boat?
659fb4d7	pip	Boat!
b3547876	pip	That is a boat.
112ebb3f	pip	Where is the plane?
6d0f0fe3	pip	Plane!
911128aa	pip	That is a plane.
26293b76	pip	Where is the bike?
007d2986	pip	Bike!
7d2f12e7	pip	That is a bike.
0bdb546c	pip	Where is the truck?
57d9f700	pip	Truck!
f1058f2d	pip	That is a truck.
514737f5	pip	Where is the rocket?
6bd35d05	pip	Rocket!
0c0c23a8	pip	That is a rocket.
d797579a	pip	A dog!
66ca76e8	pip	A cat!
846b9906	pip	A rabbit!
7823ab34	pip	A bear!
829e2bbc	pip	A panda!
53b68cea	pip	A koala!
6e15c378	pip	A frog!
37b85aa4	pip	A turtle!
a4ff3c5d	pip	A butterfly!
83b83e70	pip	A bee!
5faefba6	pip	A ladybug!
8b92db94	pip	A fish!
666792b3	pip	A whale!
110675c8	pip	A crab!
86c89913	pip	An octopus!
d6d3dd66	pip	A parrot!
45e1fcd1	pip	A duck!
a5b68f48	pip	A penguin!
c3da2ae4	pip	A giraffe!
a7ee9625	pip	An elephant!
701e3570	pip	A lion!
0fa3ae9c	pip	A palm tree!
eac21cfe	pip	A tree!
f5745bdb	pip	A sunflower!
0da76228	pip	A tulip!
3ce58ad8	pip	A mushroom!
0628d420	pip	A house!
2924054d	pip	A tent!
4a82747e	pip	A castle!
72cf06fa	pip	A car!
adebd09a	pip	A train!
af636c3c	pip	A boat!
367cb561	pip	A balloon!
a872ee4e	pip	A rainbow!
92e5757e	pip	A star!
681e2aad	pip	A strawberry!
1be708e8	pip	A watermelon!
3198f1c4	pip	A cupcake!
6265b7ef	pip	A kite!
2bb922bc	pip	An unicorn!
68f446f4	pip	A dolphin!
dcec85cf	pip	A dinosaur!
d46d51a5	pip	Hi! I am Pip the fox. Can you say hello?
a71251a6	pip	Hello, my friend! Nice to meet you!
8774bf4a	kid	Hello!
2544afc1	pip	How are you today?
b7eccc4d	kid	I'm happy!
8d712706	pip	You are happy! Yay! I am happy too!
fe7c1610	kid	I'm sleepy.
5563a188	pip	You are sleepy? Yawn! Me too.
e2856c70	kid	I'm hungry!
429f2590	pip	You are hungry? Yum! Snack time soon!
946ebb59	pip	Can you clap your hands?
541c0386	pip	Clap, clap, clap! Hooray!
db8f2800	kid	Yes, I can!
d72b9b35	kid	No!
1cd09a87	pip	It was fun to talk! Can you say bye-bye?
57e35bf0	pip	Bye-bye! See you soon!
5c3d2ddd	kid	Bye-bye!
d6f5f3ef	pip	What color do you like?
bcadc1ea	kid	I like green.
b38a0295	pip	Green! I like green too. A frog is green.
7b8815dd	kid	I like pink.
b7ca1e00	pip	Pink! I like pink too. A pig is pink.
72610c39	kid	I like yellow.
6f0eb307	pip	Yellow! I like yellow too. A banana is yellow.
2d2e31ea	kid	I like red.
ec98235d	pip	Red! I like red too. An apple is red.
d49662cd	kid	I like blue.
1b9c7083	pip	Blue! I like blue too. The sky is blue.
d82fce07	kid	I like purple.
6881ff19	pip	Purple! I like purple too. Grapes are purple.
7caa5b89	pip	What color is the sun?
d18b2764	pip	Yes! The sun is yellow!
f5965309	pip	Hmm, look again. The sun is yellow!
492e58f6	kid	Purple!
9ea779a4	kid	Yellow!
7652e680	kid	Pink!
89d56d70	kid	Blue!
3d335bb3	kid	Red!
5b567eb3	kid	Green!
83f892ad	pip	What color is a frog?
c2fca829	pip	Yes! A frog is green!
b8344e4c	pip	Hmm, look again. A frog is green!
48e728fd	pip	What color is an apple?
678bb275	pip	Yes! An apple is red!
c303cbbc	pip	Hmm, look again. An apple is red!
0b473c52	pip	What animal do you like?
d08ff234	kid	I like dogs.
f5f24bd7	pip	A dog! A dog says woof!
ecbbbc82	kid	I like pigs.
d7a484b7	pip	A pig! A pig says oink!
42ca91e1	kid	I like ducks.
a18e9211	pip	A duck! A duck says quack!
221771ea	kid	I like lions.
2dd6196e	pip	A lion! A lion says roar!
4d5af822	kid	I like sheep.
1a8d1b8e	pip	A sheep! A sheep says baa!
fc049551	kid	I like cows.
e02c5615	pip	A cow! A cow says moo!
3e794a7a	kid	I like cats.
10ba9132	pip	A cat! A cat says meow!
091c72c6	pip	Can you say woof, like a dog?
4b2fd95e	pip	Ha ha! You sound like a dog!
4bec3287	kid	Woof! Woof!
c7aa8b30	pip	Can you say baa, like a sheep?
a44249d9	pip	Ha ha! You sound like a sheep!
acf19ead	kid	Baa! Baa!
ac5dd69c	pip	Can you say oink, like a pig?
5dfda65c	pip	Ha ha! You sound like a pig!
5cc24193	kid	Oink! Oink!
8cbff919	pip	Can you say meow, like a cat?
12c1137c	pip	Ha ha! You sound like a cat!
3497ec47	kid	Meow! Meow!
26341889	pip	Can you say quack, like a duck?
0f11afd5	pip	Ha ha! You sound like a duck!
290d95cb	kid	Quack! Quack!
8ac0658f	pip	Can you say roar, like a lion?
fed684dc	pip	Ha ha! You sound like a lion!
98868d6f	kid	Roar! Roar!
e3b0289f	pip	Can you say moo, like a cow?
7b4d8bdd	pip	Ha ha! You sound like a cow!
7aae6f13	kid	Moo! Moo!
d63e7676	pip	Who says oink?
0294e02f	pip	Yes! The pig says oink!
da6f2912	pip	No, silly! The pig says oink!
ab949b0f	kid	The pig!
9ba686a1	kid	The dog!
7b25bd89	kid	The lion!
c7a39e44	pip	Who says moo?
70d57a90	pip	Yes! The cow says moo!
e213650f	pip	No, silly! The cow says moo!
6c663cea	kid	The sheep!
0ed62dea	kid	The cow!
226d843e	pip	Who says quack?
a698f0ce	pip	Yes! The duck says quack!
9065bdeb	pip	No, silly! The duck says quack!
96a0da68	kid	The duck!
f6817c0f	kid	The cat!
485ad732	pip	Who says woof?
bc3125a1	pip	Yes! The dog says woof!
17cdda94	pip	No, silly! The dog says woof!
7bf7bcf3	pip	Who says baa?
25081e17	pip	Yes! The sheep says baa!
d3130db0	pip	No, silly! The sheep says baa!
122f3a8f	pip	Who says roar?
513d27fe	pip	Yes! The lion says roar!
779d9525	pip	No, silly! The lion says roar!
593d51a3	pip	Who says meow?
6cc952aa	pip	Yes! The cat says meow!
3dedc55f	pip	No, silly! The cat says meow!
d9056cf2	pip	I am hungry! What should I eat?
715c638f	kid	A cake!
038b7099	pip	Yum yum! A cake! Thank you!
3ec7bdc1	kid	An apple!
4b76e327	pip	Yum yum! An apple! Thank you!
b991d48d	kid	A pizza!
b618ea93	pip	Yum yum! A pizza! Thank you!
3637ede0	kid	A banana!
c281e0b0	pip	Yum yum! A banana! Thank you!
658fbd66	kid	An ice cream!
03ef4aaa	pip	Yum yum! An ice cream! Thank you!
f0ce520a	kid	An egg!
234d31c2	pip	Yum yum! An egg! Thank you!
141e400a	kid	A carrot!
7165f5ce	pip	Yum yum! A carrot! Thank you!
d36f8425	kid	A cookie!
0299638f	pip	Yum yum! A cookie! Thank you!
226b840d	pip	Is it yummy?
c56e9363	kid	Yummy!
1d97388c	pip	Yummy yummy in my tummy!
c30a874f	kid	Yucky!
c779c6c0	pip	Yucky? Oh no! Ha ha!
3375ce26	pip	Now I am thirsty. What can I drink?
963c5cbe	pip	Thank you! Glug, glug, glug!
c4fae62d	kid	Milk!
e9f693c6	kid	Juice!
6c305037	kid	Water!
4d857615	pip	How many chicks?
8fb51fe4	pip	Yes! one, two, three, four, five. Five chicks!
6a932516	pip	Let's count together. one, two, three, four, five. Five chicks!
e4fca86a	kid	Six!
fe107448	kid	Four!
ea24e098	kid	Five!
f2315a6b	pip	How many stars?
8afd6800	pip	Yes! one, two, three, four. Four stars!
ad9fa916	pip	Let's count together. one, two, three, four. Four stars!
133830ea	kid	Three!
5f655091	pip	How many apples?
041d9a68	pip	Yes! one, two, three. Three apples!
6a21464a	pip	Let's count together. one, two, three. Three apples!
0d4ea6ec	kid	Two!
3b3db756	pip	Yes! one, two. Two stars!
f83c1718	pip	Let's count together. one, two. Two stars!
ed1e18b6	pip	How many balloons?
e95937f9	pip	Yes! one, two. Two balloons!
c21148d7	pip	Let's count together. one, two. Two balloons!
2df71164	pip	How many fish?
ca256c39	pip	Yes! one, two, three, four. Four fish!
9d238fb7	pip	Let's count together. one, two, three, four. Four fish!
1a0be560	pip	Yes! one, two, three, four, five. Five apples!
e0d65d5e	pip	Let's count together. one, two, three, four, five. Five apples!
274dd85f	pip	Yes! one, two, three, four, five. Five balloons!
90a1f75d	pip	Let's count together. one, two, three, four, five. Five balloons!
0ebbc1f1	pip	Yes! one, two, three. Three fish!
2d8ea74f	pip	Let's count together. one, two, three. Three fish!
262d43ea	pip	Yes! one, two. Two chicks!
1d178e7c	pip	Let's count together. one, two. Two chicks!
c8309760	pip	Yes! one, two, three, four, five. Five stars!
1c76f132	pip	Let's count together. one, two, three, four, five. Five stars!
1821f084	pip	Yes! one, two, three, four. Four chicks!
a1a210aa	pip	Let's count together. one, two, three, four. Four chicks!
5f562aff	pip	Yes! one, two, three, four. Four balloons!
ae7ec7b9	pip	Let's count together. one, two, three, four. Four balloons!
a7bbbf67	pip	Yes! one, two, three. Three balloons!
a08c1301	pip	Let's count together. one, two, three. Three balloons!
2a60e94c	pip	Yes! one, two, three. Three chicks!
cc832912	pip	Let's count together. one, two, three. Three chicks!
6b4a3de8	pip	Yes! one, two, three. Three stars!
b482d53e	pip	Let's count together. one, two, three. Three stars!
fc8ea582	pip	Yes! one, two. Two apples!
3e7bef18	pip	Let's count together. one, two. Two apples!
c423fdf7	pip	Yes! one, two. Two fish!
4cf441e1	pip	Let's count together. one, two. Two fish!
15ed7919	pip	Yes! one, two, three, four, five. Five fish!
9fd579fb	pip	Let's count together. one, two, three, four, five. Five fish!
192e5180	pip	Yes! one, two, three, four. Four apples!
b2344d42	pip	Let's count together. one, two, three, four. Four apples!
721647db	pip	Look outside! How is the weather?
b1c63804	pip	Yes! It is cloudy. Where is the sun?
d0023937	pip	Hmm, look again. It is cloudy!
36706e74	kid	It's sunny!
623469a6	kid	It's rainy!
3d82710f	kid	It's snowy!
f1bf51e9	kid	It's cloudy!
2dfc6d8e	pip	Yes! It is rainy. Let's take an umbrella!
2426f538	pip	Hmm, look again. It is rainy!
a1e3e8b9	pip	Yes! It is snowy. Let's make a snowman!
758e1611	pip	Hmm, look again. It is snowy!
68f5f411	pip	Yes! It is sunny. Let's wear a hat!
2247731a	pip	Hmm, look again. It is sunny!
286d6945	pip	Do you like sunny days or rainy days?
730b50c6	kid	Sunny days!
b0c30839	pip	Me too! I like to play in the sun!
445e9064	kid	Rainy days!
a4d5e113	pip	Splash, splash! Rainy days are fun!
34f91cb1	zh	想玩什麼？點一個！
b491364d	zh	嗨！我是 Pip。想玩什麼？點一個！
35c18921	zh	選一個字母來寫！
b5f8f381	zh	從綠色的點開始喔！
92c786b1	zh	從綠色的點開始，跟著箭頭描！
0484dbb4	zh	再寫一次，這次提示比較少。
ca7b8a52	zh	現在自己寫寫看！
d03200cc	zh	你會寫了！
e3932421	zh	「apple」是哪個字母開頭的？
6a95be80	zh	「ant」是哪個字母開頭的？
e42bdee6	zh	「alligator」是哪個字母開頭的？
d30d64d9	zh	「bee」是哪個字母開頭的？
cef927db	zh	「bus」是哪個字母開頭的？
952dd8df	zh	「bear」是哪個字母開頭的？
a05ff3dc	zh	「banana」是哪個字母開頭的？
ff7c4c51	zh	「cat」是哪個字母開頭的？
d4ea64f3	zh	「car」是哪個字母開頭的？
426db7d1	zh	「cake」是哪個字母開頭的？
15ee860a	zh	「cow」是哪個字母開頭的？
9741cc67	zh	「dog」是哪個字母開頭的？
a2b56048	zh	「duck」是哪個字母開頭的？
2cbf5de9	zh	「door」是哪個字母開頭的？
17b62c00	zh	「egg」是哪個字母開頭的？
08faeaf0	zh	「elephant」是哪個字母開頭的？
7f74c88b	zh	「fish」是哪個字母開頭的？
73f0ccdf	zh	「frog」是哪個字母開頭的？
6eb784a0	zh	「fox」是哪個字母開頭的？
3942e7f6	zh	「goat」是哪個字母開頭的？
434c416f	zh	「gift」是哪個字母開頭的？
50d70e59	zh	「grapes」是哪個字母開頭的？
ec983368	zh	「hat」是哪個字母開頭的？
32813cbe	zh	「hen」是哪個字母開頭的？
f5dc309d	zh	「house」是哪個字母開頭的？
2970b05c	zh	「horse」是哪個字母開頭的？
1d783ee5	zh	「insect」是哪個字母開頭的？
10796f25	zh	「juice」是哪個字母開頭的？
b2ca9a46	zh	「jeans」是哪個字母開頭的？
53045c5a	zh	「kite」是哪個字母開頭的？
614e39ba	zh	「key」是哪個字母開頭的？
03dc64a7	zh	「koala」是哪個字母開頭的？
b9de520b	zh	「lion」是哪個字母開頭的？
65842281	zh	「leaf」是哪個字母開頭的？
1e944a0a	zh	「lemon」是哪個字母開頭的？
ffed945c	zh	「moon」是哪個字母開頭的？
29f9c324	zh	「monkey」是哪個字母開頭的？
d51e02d2	zh	「milk」是哪個字母開頭的？
a38e9fca	zh	「nose」是哪個字母開頭的？
9dc47f96	zh	「nut」是哪個字母開頭的？
e87086e6	zh	「net」是哪個字母開頭的？
a6e49824	zh	「octopus」是哪個字母開頭的？
6f6e275e	zh	「ox」是哪個字母開頭的？
03749529	zh	「pig」是哪個字母開頭的？
4881181b	zh	「pizza」是哪個字母開頭的？
fd921a45	zh	「panda」是哪個字母開頭的？
b833c45b	zh	「queen」是哪個字母開頭的？
3c0491c9	zh	「rabbit」是哪個字母開頭的？
a73a4e91	zh	「robot」是哪個字母開頭的？
c2d572eb	zh	「rainbow」是哪個字母開頭的？
2ee0d3ab	zh	「sun」是哪個字母開頭的？
e8e96135	zh	「sock」是哪個字母開頭的？
2c61a895	zh	「star」是哪個字母開頭的？
3d63ce6c	zh	「tent」是哪個字母開頭的？
4fd2c7f6	zh	「tiger」是哪個字母開頭的？
0541ff89	zh	「tree」是哪個字母開頭的？
920fb661	zh	「umbrella」是哪個字母開頭的？
c97f772c	zh	「up」是哪個字母開頭的？
008e2938	zh	「van」是哪個字母開頭的？
c19ad8a8	zh	「violin」是哪個字母開頭的？
a92c71fb	zh	「volcano」是哪個字母開頭的？
0cd799da	zh	「watch」是哪個字母開頭的？
ee6266ec	zh	「whale」是哪個字母開頭的？
7393401b	zh	「web」是哪個字母開頭的？
bdcc74ac	zh	「box」是哪個字母開頭的？
9df2d992	zh	「yo-yo」是哪個字母開頭的？
16870d2f	zh	「yarn」是哪個字母開頭的？
8bf05e9d	zh	「zebra」是哪個字母開頭的？
1f99e6d2	zh	「bed」是哪個字母開頭的？
343068d1	zh	「cup」是哪個字母開頭的？
077dafc6	zh	「bat」是哪個字母開頭的？
7ed4ceb3	zh	「map」是哪個字母開頭的？
ca497066	zh	「pen」是哪個字母開頭的？
714a783f	zh	「bug」是哪個字母開頭的？
6cd273c2	zh	「ten」是哪個字母開頭的？
2e3e5396	zh	「rat」是哪個字母開頭的？
a801d182	zh	「red」是哪個字母開頭的？
7565a299	zh	「leg」是哪個字母開頭的？
3244233d	zh	「six」是哪個字母開頭的？
600ea36f	zh	「can」是哪個字母開頭的？
5e43e29e	zh	「pot」是哪個字母開頭的？
2522d0b6	zh	「tub」是哪個字母開頭的？
1d385d58	zh	「lip」是哪個字母開頭的？
e713a057	zh	用字母拼出「apple」！
694fd8c2	zh	用字母拼出「ant」！
b59dfbe0	zh	用字母拼出「alligator」！
37d6e647	zh	用字母拼出「bee」！
cd41aa09	zh	用字母拼出「bus」！
c5b93883	zh	用字母拼出「bear」！
7784e2a4	zh	用字母拼出「banana」！
ada21dc7	zh	用字母拼出「cat」！
6e806569	zh	用字母拼出「car」！
d48622a1	zh	用字母拼出「cake」！
621035bc	zh	用字母拼出「cow」！
956691a9	zh	用字母拼出「dog」！
7b8ea28c	zh	用字母拼出「duck」！
9ceb1f31	zh	用字母拼出「door」！
fdf90fda	zh	用字母拼出「egg」！
f2535b48	zh	用字母拼出「elephant」！
e90842a3	zh	用字母拼出「fish」！
3d34691f	zh	用字母拼出「frog」！
d8e8cb2a	zh	用字母拼出「fox」！
29483dca	zh	用字母拼出「goat」！
469ad3e7	zh	用字母拼出「gift」！
e8aadc99	zh	用字母拼出「grapes」！
4c17987e	zh	用字母拼出「hat」！
9fe33004	zh	用字母拼出「hen」！
a0669263	zh	用字母拼出「house」！
c78eda92	zh	用字母拼出「horse」！
549093a9	zh	用字母拼出「insect」！
3ddb8be7	zh	用字母拼出「juice」！
196acc88	zh	用字母拼出「jeans」！
09e1517a	zh	用字母拼出「kite」！
a95c4e88	zh	用字母拼出「key」！
09560a11	zh	用字母拼出「koala」！
35e381f7	zh	用字母拼出「lion」！
ddc45935	zh	用字母拼出「leaf」！
f8ab2fc4	zh	用字母拼出「lemon」！
875a5d94	zh	用字母拼出「moon」！
76c2906c	zh	用字母拼出「monkey」！
9f13f0de	zh	用字母拼出「milk」！
32f40bae	zh	用字母拼出「nose」！
51d863ac	zh	用字母拼出「nut」！
09d51e3c	zh	用字母拼出「net」！
25ecc28a	zh	用字母拼出「octopus」！
7fbb4fe6	zh	用字母拼出「ox」！
0cf67e2f	zh	用字母拼出「pig」！
c241b0c5	zh	用字母拼出「pizza」！
9e41529b	zh	用字母拼出「panda」！
4e27e5b1	zh	用字母拼出「queen」！
5fdfcde5	zh	用字母拼出「rabbit」！
06c6b9af	zh	用字母拼出「robot」！
2e8ca289	zh	用字母拼出「rainbow」！
f9929ca9	zh	用字母拼出「sun」！
81b00065	zh	用字母拼出「sock」！
1f093209	zh	用字母拼出「star」！
62d2f0c4	zh	用字母拼出「tent」！
e372e76c	zh	用字母拼出「tiger」！
f3583365	zh	用字母拼出「tree」！
f44bdcd5	zh	用字母拼出「umbrella」！
f308656c	zh	用字母拼出「up」！
867d4a46	zh	用字母拼出「van」！
1e236474	zh	用字母拼出「violin」！
fef5afb5	zh	用字母拼出「volcano」！
5d492cb4	zh	用字母拼出「watch」！
f099271a	zh	用字母拼出「whale」！
c43aa4d9	zh	用字母拼出「web」！
7c693e8e	zh	用字母拼出「box」！
8164a6bc	zh	用字母拼出「yo-yo」！
6fcfaefb	zh	用字母拼出「yarn」！
40e61eff	zh	用字母拼出「zebra」！
c9944580	zh	用字母拼出「bed」！
29a21c8f	zh	用字母拼出「cup」！
192dfb1c	zh	用字母拼出「bat」！
77e99941	zh	用字母拼出「map」！
5dc1235c	zh	用字母拼出「pen」！
200c53c5	zh	用字母拼出「bug」！
c2f88a00	zh	用字母拼出「ten」！
325136cc	zh	用字母拼出「rat」！
cb073850	zh	用字母拼出「red」！
e1a84d47	zh	用字母拼出「leg」！
0c30fa3b	zh	用字母拼出「six」！
ab3f8ced	zh	用字母拼出「can」！
f9249b00	zh	用字母拼出「pot」！
887107cc	zh	用字母拼出「tub」！
0aab8e3e	zh	用字母拼出「lip」！
70d1d683	zh	選一組單字！
8a97d018	zh	找出 Pip 說的那一個！
20bd5eae	zh	想和 Pip 聊什麼？
02bfa986	zh	沒有麥克風權限，請點圖片回答。
7471d14d	zh	再說一次，或點圖片回答！
353b64ec	zh	得到一張貼紙！
917f1bca	zh	玩遊戲就能得到貼紙，放在你的小島上！
790ee623	zh	點貼紙聽英文，也可以拖著移動！
49c31118	zh	這是中文提示的聲音。
a3d289fa	zh	休息一下，讓眼睛休息吧！
d60f1c12	zh	跟 Pip 說 Hello！
2f3da02c	zh	Pip 問你今天好嗎？
500ed32f	zh	你會拍拍手嗎？
f31a8b3f	zh	說 bye-bye 再見！
f6a15849	zh	你喜歡什麼顏色？
d2111769	zh	你喜歡什麼動物？
21333c3f	zh	學動物叫一聲！
00257416	zh	是誰在叫？
17f61e76	zh	Pip 肚子餓了，請他吃什麼？
a76edf86	zh	好吃嗎？
1d70deb0	zh	口渴了，要喝什麼？
f708b3c4	zh	數數看有幾個？
140091e4	zh	看看外面，天氣怎麼樣？
e95ba0d8	zh	你喜歡晴天還是雨天？
